{
  "data" : [
    {
      "text" : "find a joke about Johnny Depp",
      "entities" : [
        {
          "entity" : "intent",
          "value" : "\"get_joke\""
        },
        {
          "entity" : "firstname",
          "value" : "\"Johnny\"",
          "start" : 18,
          "end" : 24
        },
        {
          "entity" : "lastname",
          "value" : "\"Depp\"",
          "start" : 25,
          "end" : 29
        }
      ]
    },
    {
      "text" : "find joke from Christoph Waltz",
      "entities" : [
        {
          "entity" : "intent",
          "value" : "\"get_joke\""
        },
        {
          "entity" : "firstname",
          "value" : "\"Christoph\"",
          "start" : 15,
          "end" : 24
        },
        {
          "entity" : "lastname",
          "value" : "\"Waltz\"",
          "start" : 25,
          "end" : 30
        }
      ]
    },
    {
      "text" : "find joke from Sean Penn",
      "entities" : [
        {
          "entity" : "intent",
          "value" : "\"get_joke\""
        },
        {
          "entity" : "firstname",
          "value" : "\"Sean\"",
          "start" : 15,
          "end" : 19
        },
        {
          "entity" : "lastname",
          "value" : "\"Penn\"",
          "start" : 20,
          "end" : 24
        }
      ]
    },
    {
      "text" : "get joke about Anthony Hopkins in bruce schneier",
      "entities" : [
        {
          "entity" : "intent",
          "value" : "\"get_joke\""
        },
        {
          "entity" : "firstname",
          "value" : "\"Anthony\"",
          "start" : 15,
          "end" : 22
        },
        {
          "entity" : "lastname",
          "value" : "\"Hopkins\"",
          "start" : 23,
          "end" : 30
        }
      ]
    },
    {
      "text" : "get joke from Charlie Chaplin",
      "entities" : [
        {
          "entity" : "intent",
          "value" : "\"get_joke\""
        },
        {
          "entity" : "firstname",
          "value" : "\"Charlie\"",
          "start" : 14,
          "end" : 21
        },
        {
          "entity" : "lastname",
          "value" : "\"Chaplin\"",
          "start" : 22,
          "end" : 29
        }
      ]
    },
    {
      "text" : "get joke from Jack Nicholson",
      "entities" : [
        {
          "entity" : "intent",
          "value" : "\"get_joke\""
        },
        {
          "entity" : "firstname",
          "value" : "\"Jack\"",
          "start" : 14,
          "end" : 18
        },
        {
          "entity" : "lastname",
          "value" : "\"Nicholson\"",
          "start" : 19,
          "end" : 28
        }
      ]
    },
    {
      "text" : "give me a joke about Ben Kingsley from chuck norris",
      "entities" : [
        {
          "entity" : "intent",
          "value" : "\"get_joke\""
        },
        {
          "entity" : "firstname",
          "value" : "\"Ben\"",
          "start" : 21,
          "end" : 24
        },
        {
          "entity" : "lastname",
          "value" : "\"Kingsley\"",
          "start" : 25,
          "end" : 33
        }
      ]
    },
    {
      "text" : "give me a joke about Dustin Hoffman",
      "entities" : [
        {
          "entity" : "intent",
          "value" : "\"get_joke\""
        },
        {
          "entity" : "firstname",
          "value" : "\"Dustin\"",
          "start" : 21,
          "end" : 27
        },
        {
          "entity" : "lastname",
          "value" : "\"Hoffman\"",
          "start" : 28,
          "end" : 35
        }
      ]
    },
    {
      "text" : "give me a joke about Kevin Spacey",
      "entities" : [
        {
          "entity" : "intent",
          "value" : "\"get_joke\""
        },
        {
          "entity" : "firstname",
          "value" : "\"Kevin\"",
          "start" : 21,
          "end" : 26
        },
        {
          "entity" : "lastname",
          "value" : "\"Spacey\"",
          "start" : 27,
          "end" : 33
        }
      ]
    },
    {
      "text" : "tell me a joke about Alan Rickman",
      "entities" : [
        {
          "entity" : "intent",
          "value" : "\"get_joke\""
        },
        {
          "entity" : "firstname",
          "value" : "\"Alan\"",
          "start" : 21,
          "end" : 25
        },
        {
          "entity" : "lastname",
          "value" : "\"Rickman\"",
          "start" : 26,
          "end" : 33
        }
      ]
    },
    {
      "text" : "tell me a joke about Edward Norton",
      "entities" : [
        {
          "entity" : "intent",
          "value" : "\"get_joke\""
        },
        {
          "entity" : "firstname",
          "value" : "\"Edward\"",
          "start" : 21,
          "end" : 27
        },
        {
          "entity" : "lastname",
          "value" : "\"Norton\"",
          "start" : 28,
          "end" : 34
        }
      ]
    },
    {
      "text" : "tell me a joke about James Stewart",
      "entities" : [
        {
          "entity" : "intent",
          "value" : "\"get_joke\""
        },
        {
          "entity" : "firstname",
          "value" : "\"James\"",
          "start" : 21,
          "end" : 26
        },
        {
          "entity" : "lastname",
          "value" : "\"Stewart\"",
          "start" : 27,
          "end" : 34
        }
      ]
    },
    {
      "text" : "tell me a joke about Leonardo DiCaprio from nerdy",
      "entities" : [
        {
          "entity" : "intent",
          "value" : "\"get_joke\""
        },
        {
          "entity" : "firstname",
          "value" : "\"Leonardo\"",
          "start" : 21,
          "end" : 29
        },
        {
          "entity" : "lastname",
          "value" : "\"DiCaprio\"",
          "start" : 30,
          "end" : 38
        },
        {
          "entity" : "category",
          "value" : "\"nerdy\"",
          "start" : 44,
          "end" : 49
        }
      ]
    },
    {
      "text" : "tell me a joke about Sean Connery from explicit",
      "entities" : [
        {
          "entity" : "intent",
          "value" : "\"get_joke\""
        },
        {
          "entity" : "firstname",
          "value" : "\"Sean\"",
          "start" : 21,
          "end" : 25
        },
        {
          "entity" : "lastname",
          "value" : "\"Connery\"",
          "start" : 26,
          "end" : 33
        },
        {
          "entity" : "category",
          "value" : "\"explicit\"",
          "start" : 39,
          "end" : 47
        }
      ]
    },
    {
      "text" : "tell me a joke about john wick from category nerdy",
      "entities" : [
        {
          "entity" : "intent",
          "value" : "\"get_joke\""
        },
        {
          "entity" : "firstname",
          "value" : "\"john\"",
          "start" : 21,
          "end" : 25
        },
        {
          "entity" : "lastname",
          "value" : "\"wick\"",
          "start" : 26,
          "end" : 30
        },
        {
          "entity" : "category",
          "value" : "\"nerdy\"",
          "start" : 45,
          "end" : 50
        }
      ]
    },
    {
      "text" : "tell me a joke from Clint Eastwood",
      "entities" : [
        {
          "entity" : "intent",
          "value" : "\"get_joke\""
        },
        {
          "entity" : "firstname",
          "value" : "\"Clint\"",
          "start" : 20,
          "end" : 25
        },
        {
          "entity" : "lastname",
          "value" : "\"Eastwood\"",
          "start" : 26,
          "end" : 34
        }
      ]
    }
  ]
}