{
  "data" : {
    "lookups" : [
      "free-text",
      "keywords"
    ],
    "name" : "firstname",
    "lang" : "en",
    "exotic" : false,
    "id" : "firstname",
    "values" : [
      {
        "value" : "Alan",
        "expressions" : [
          "Alan"
        ]
      },
      {
        "value" : "Anthony",
        "expressions" : [
          "Anthony"
        ]
      },
      {
        "value" : "Ben",
        "expressions" : [
          "Ben"
        ]
      },
      {
        "value" : "Charlie",
        "expressions" : [
          "Charlie"
        ]
      },
      {
        "value" : "Christoph",
        "expressions" : [
          "Christoph"
        ]
      },
      {
        "value" : "Clint",
        "expressions" : [
          "Clint"
        ]
      },
      {
        "value" : "Dustin",
        "expressions" : [
          "Dustin"
        ]
      },
      {
        "value" : "Edward",
        "expressions" : [
          "Edward"
        ]
      },
      {
        "value" : "Jack",
        "expressions" : [
          "Jack"
        ]
      },
      {
        "value" : "James",
        "expressions" : [
          "James"
        ]
      },
      {
        "value" : "Johnny",
        "expressions" : [
          "Johnny"
        ]
      },
      {
        "value" : "Kevin",
        "expressions" : [
          "Kevin"
        ]
      },
      {
        "value" : "Leonardo",
        "expressions" : [
          "Leonardo"
        ]
      },
      {
        "value" : "Sean",
        "expressions" : [
          "Sean"
        ]
      },
      {
        "value" : "john",
        "expressions" : [
          "john"
        ]
      }
    ],
    "doc" : "User-defined entity",
    "builtin" : false
  }
}