{
  "data" : {
    "lookups" : [
      "free-text",
      "keywords"
    ],
    "name" : "lastname",
    "lang" : "en",
    "exotic" : false,
    "id" : "lastname",
    "values" : [
      {
        "value" : "Chaplin",
        "expressions" : [
          "Chaplin"
        ]
      },
      {
        "value" : "Connery",
        "expressions" : [
          "Connery"
        ]
      },
      {
        "value" : "Depp",
        "expressions" : [
          "Depp"
        ]
      },
      {
        "value" : "DiCaprio",
        "expressions" : [
          "DiCaprio"
        ]
      },
      {
        "value" : "Eastwood",
        "expressions" : [
          "Eastwood"
        ]
      },
      {
        "value" : "Hoffman",
        "expressions" : [
          "Hoffman"
        ]
      },
      {
        "value" : "Hopkins",
        "expressions" : [
          "Hopkins"
        ]
      },
      {
        "value" : "Kingsley",
        "expressions" : [
          "Kingsley"
        ]
      },
      {
        "value" : "Nicholson",
        "expressions" : [
          "Nicholson"
        ]
      },
      {
        "value" : "Norton",
        "expressions" : [
          "Norton"
        ]
      },
      {
        "value" : "Penn",
        "expressions" : [
          "Penn"
        ]
      },
      {
        "value" : "Rickman",
        "expressions" : [
          "Rickman"
        ]
      },
      {
        "value" : "Spacey",
        "expressions" : [
          "Spacey"
        ]
      },
      {
        "value" : "Stewart",
        "expressions" : [
          "Stewart"
        ]
      },
      {
        "value" : "Waltz",
        "expressions" : [
          "Waltz"
        ]
      },
      {
        "value" : "wick",
        "expressions" : [
          "wick"
        ]
      }
    ],
    "doc" : "User-defined entity",
    "builtin" : false
  }
}